{"E_bar_vec": [0.41727877832666804, 0.45380641008714023, 0.22301434203179704, 0.39096696741607334, 0.3943878303674024, 0.33261751373500253, 0.10920423349228492, 0.2458410814009454, 0.45600395765105306, 0.12182556378268966, 0.377711845546617, 0.3918737645315377, 0.36056585194592966, 0.48994335425815255, 0.10811486779740237, 0.039762122899637764, 0.3294966957672124, 0.16661328676557446, 0.24471163800066087, 0.41245663431664953, 0.13634250278795246, 0.37672545195543133, 0.4560152869576928, 0.19329314070180187, 0.30169823257513934, 0.031049856303532575, 0.4505742048304996, 0.012107561939196654, 0.35097740076435646, 0.35124930011576233, 0.16937981672536878, 0.005750808390200646, 0.27806109672807655, 0.12120193871388873, 0.08111694922006091, 0.49066408937544603, 0.23267785186946366, 0.43527279267072116, 0.12064629331977417, 0.4262182513762192, 0.07913892545770002, 0.04136543530442244, 0.3382723860250112, 0.2901310991857104, 0.29985023201741917, 0.27826065076593515, 0.33281620437918896, 0.33333107170399207, 0.42346569841286974, 0.43765521642383876, 0.026697990295325102, 0.09502824287337486, 0.3912258081169975, 0.3262887237450462, 0.1090560668962296, 0.40058792687381156, 0.16820599756287674, 0.26508029165897107, 0.09548673353538334, 0.20326002182211333, 0.15952534045915334, 0.10431276801129324, 0.35191776664479235, 0.4275235133956131, 0.4162829743396736, 0.2833823980230152, 0.332135999524096, 0.23160570913339196, 0.06805059920912981, 0.4354182382364032, 0.18586903148515355, 0.3855642603191608, 0.45006473982603834, 0.0010168104039491865, 0.48985993961486435, 0.06952343309108894, 0.4264136058470314, 0.16872915184366788, 0.12809559021203054, 0.14323066160754577, 0.22963700254208302, 0.45746161681735137, 0.31112078612309796, 0.2285959689134583, 0.3051612160576374, 0.4235806290061547], "T_vec": [0.3474834838058471, 0.0046342802289614515, 0.4163055965137878, 0.2888230818646987, 0.2475997521165984, 0.30904139393093666, 0.057225433066129705, 0.328492691610785, 0.31248824463004543, 0.3984665294832596, 0.4307012040289778, 0.4000134202862914, 0.18438416614395758, 0.08700324408575577, 0.4975456229511094, 0.2671565535125555, 0.3809280026810329, 0.23649529349945314, 0.10632765400053373, 0.3906377477473177, 0.0331837353529888, 0.2599222698819577, 0.20646136405021343, 0.009761795116384975, 0.4424073547640635, 0.2804200163405918, 0.4396708608109276, 0.44898320595195323, 0.013214588132031191, 0.032907804191155576, 0.19049456046426516, 0.06874210388431534, 0.438467637640024, 0.07178477593482141, 0.38723449429405893, 0.16331103862299956, 0.4623445738212222, 0.08420325196639533, 0.2922846381744871, 0.15215686135272666, 0.14443220688494474, 0.028458597506494876, 0.14050934515194796, 0.13680105382453822, 0.15340691497579173, 0.2677140384503272, 0.004988845270021358, 0.03727504559838568, 0.14320614454952896, 0.3586499679446306, 0.031146588720507073, 0.45524511854961697, 0.20353447893522653, 0.13552087109860927, 0.4116919356196985, 0.4087842741168257, 0.4204576246860639, 0.47775085701614256, 0.39630066412881376, 0.13262349149028863, 0.22346504521434474, 0.325972246347629, 0.2957560593613411, 0.05378154859104117, 0.16884260522796496, 0.128587443949995, 0.2668140681096077, 0.02022929076087948, 0.4491000556241721, 0.47851260645583193, 0.20324085633598332, 0.01068486975642896, 0.013437309227552097, 0.4991555269643408, 0.12191209728041852, 0.4643872996681658, 0.3017179435515867, 0.38462509345098544, 0.35653829481627447, 0.45648573780578605, 0.10677992690729238, 0.07119028912315828, 0.43874316912086453, 0.22388068273240297, 0.34011084479644005, 0.0017304356925613718], "alpha_init_1": [0.05957552, 0.1319328, 0.48060033, 0.4639297, 0.14937897, 0.05767522, 0.240232, 0.25242695, 0.24492267, 0.25939803, 0.32761918, 0.43503236, 0.48948408, 0.13879699, 0.1850533, 0.15684789, 0.05405993, 0.01385012, 0.09385947, 0.06300106, 0.11775241, 0.34998939, 0.0914365, 0.47733229, 0.06178845, 0.03423261, 0.4178537, 0.37848928, 0.15182111, 0.35993548, 0.35735153, 0.01889067, 0.18027174, 0.14563905, 0.45321668, 0.2438442, 0.27450784, 0.48167268, 0.27846162, 0.2963824, 0.37911217, 0.33203695, 0.24035109, 0.19321806, 0.15514761, 0.30950774, 0.48195265, 0.25279395, 0.20967002, 0.26358852, 0.27371726, 0.2326838, 0.23011441, 0.01313556, 0.08302027, 0.34362465, 0.4256479, 0.38802505, 0.23891632, 0.27472475, 0.08236966, 0.45777924, 0.24136156, 0.08102343, 0.20950201, 0.10954479, 0.32070718, 0.43881001, 0.43076847, 0.26444616, 0.21558274, 0.41471324, 0.46123865, 0.28531858, 0.00469813, 0.49139483, 0.47082363, 0.33524606, 0.02911343, 0.07091812, 0.30113741, 0.15158958, 0.01208335, 0.31761126, 0.0498428688, 0.31735234], "alpha_init_2": [0.2112791, 0.38193354, 0.47386339, 0.27894841, 0.01328489, 0.00251099, 0.05022668, 0.39562406, 0.47045882, 0.17106696, 0.07644279, 0.07038907, 0.01585164, 0.12370972, 0.07992386, 0.45796375, 0.46416518, 0.22021343, 0.38209633, 0.14922281, 0.4171251, 0.40414573, 0.31521041, 0.0408269, 0.42136555, 0.04341894, 0.2045001, 0.29190465, 0.27949899, 0.26479834, 0.46728381, 0.40268405, 0.08892097, 0.13661614, 0.15621503, 0.47792506, 0.10196903, 0.20723784, 0.18387616, 0.47068611, 0.26026256, 0.29580539, 0.22968273, 0.36610232, 0.02173014, 0.36347781, 0.47866209, 0.49030233, 0.2513257, 0.35438194, 0.03143627, 0.44429082, 0.02737279, 0.21407149, 0.36885316, 0.37777103, 0.0117033, 0.23347332, 0.03609145, 0.27239982, 0.44664918, 0.44011766, 0.06407847, 0.45315168, 0.38997079, 0.19816111, 0.40650105, 0.08706796, 0.23212678, 0.04045751, 0.08452678, 0.17011605, 0.25694092, 0.25839019, 0.22671512, 0.06480922, 0.31469419, 0.2352564, 0.07206963, 0.30379003, 0.43899741, 0.0169635, 0.01517105, 0.11300311, 2.36834246e-05, 0.28522114], "rho_init_1": [0.39522188, 0.35802217, 0.14657355, 0.14075172, 0.02058275, 0.28252683, 0.12126418, 0.19886529, 0.03713952, 0.10818645, 0.02589768, 0.15486656, 0.08072741, 0.37102797, 0.02725839, 0.10676276, 0.05731123, 0.34963065, 0.10141019, 0.49730561, 0.22897435, 0.0236664, 0.27207607, 0.39076059, 0.14632803, 0.39283894, 0.115909, 0.03571687, 0.35278243, 0.09635342, 0.28863545, 0.23174476, 0.15617174, 0.10225512, 0.28963167, 0.07042487, 0.35901048, 0.10098816, 0.04668174, 0.13486643, 0.15374794, 0.18800236, 0.44138848, 0.25090528, 0.4615021, 0.042562, 0.13306416, 0.05048867, 0.31649612, 0.08186074, 0.13972005, 0.18868539, 0.02969632, 0.26246664, 0.07629765, 0.07066071, 0.22004205, 0.12014172, 0.11077403, 0.12178655, 0.11725724, 0.02164205, 0.48849607, 0.14820919, 0.45587934, 0.04005304, 0.1420156, 0.41432193, 0.09556719, 0.13778159, 0.02805146, 0.42090481, 0.44183452, 0.18252161, 0.48533187, 0.28371818, 0.02000404, 0.0320784, 0.31451477, 0.42626081, 0.48774423, 0.34688935, 0.33846379, 0.06620873, 0.14681905, 0.41825653], "rho_init_2": [0.08760578, 0.11754254, 0.20944886, 0.07195769, 0.43303674, 0.35612262, 0.15100094, 0.2637036, 0.33051475, 0.09881134, 0.37171661, 0.27484912, 0.46923131, 0.25723076, 0.30112123, 0.28105397, 0.28533778, 0.19977434, 0.4336444, 0.36765775, 0.17425769, 0.35838209, 0.33336777, 0.27010139, 0.21056597, 0.32349012, 0.21331234, 0.45441527, 0.46490855, 0.2707719, 0.28603221, 0.00394696, 0.48938799, 0.48260476, 0.14484168, 0.37937815, 0.08331422, 0.17468689, 0.05691523, 0.45687681, 0.10719183, 0.31323827, 0.19394388, 0.46798986, 0.19610796, 0.04619932, 0.19003934, 0.38994149, 0.17354308, 0.22196967, 0.43239062, 0.49265983, 0.3480451, 0.06621551, 0.03795124, 0.08402232, 0.24031263, 0.26187264, 0.45254975, 0.4442378, 0.37215498, 0.01853011, 0.32793299, 0.15986721, 0.02805284, 0.16237967, 0.14842066, 0.4326949, 0.25475184, 0.16458822, 0.25020995, 0.45089451, 0.4123772, 0.3968835, 0.43686692, 0.38562514, 0.32263181, 0.28432755, 0.40407974, 0.02561622, 0.44775762, 0.29564096, 0.23160831, 0.38162054, 0.40039481, 0.39391969],